{"cameraMode":{"drawMode":0,"name":"Shaded","section":"Shading Mode"},"sceneLighting":true,"audioPlay":false,"sceneViewState":{"showFog":true,"showMaterialUpdate":false,"showSkybox":true,"showFlares":true,"showImageEffects":true,"showParticleSystems":true,"showVisualEffectGraphs":true,"m_FxEnabled":true},"in2DMode":false,"pivot":{"x":4.10670804977417,"y":5.898838043212891,"z":16.333539962768556},"rotation":{"x":0.0011854666518047453,"y":-0.08480134606361389,"z":-0.00010333387763239443,"w":-0.9963988661766052},"size":12.12435531616211,"orthographic":false}